{
  "name": {
    "B3_S4": "B3_S4.ply"
  },
  "bounding_box": {
    "B3_S4": {
      "x": 6.801856556063847e+38,
      "y": 6.804738686468526e+38,
      "z": 6.800379793820605e+38
    }
  },
  "labels": {
    "B3_S4.ply": [
      "B3_S4",
      "b3",
      "s4"
    ]
  }
}